Date,Price
01-04-2017,76750
02-04-2017,76857.64391
03-04-2017,78220.78947
04-04-2017,77606.88268
05-04-2017,78226.59546
06-04-2017,75771.43306
07-04-2017,76255.72156
08-04-2017,75684.14117
09-04-2017,75794.28571
10-04-2017,76086.4
11-04-2017,75494.71872
12-04-2017,75865.47076
13-04-2017,76262.64274
14-04-2017,74184.03682
15-04-2017,75600.85141
16-04-2017,77276.37849
17-04-2017,75558.1028
18-04-2017,74939.67839
19-04-2017,73150.69726
20-04-2017,73211.50408
21-04-2017,72746.19718
22-04-2017,74576.76051
23-04-2017,73097.94542
24-04-2017,73597.54257
25-04-2017,74188.35997
26-04-2017,74444.32378
27-04-2017,73655.40402
28-04-2017,74120.87992
29-04-2017,74149.55574
30-04-2017,74813.26893
01-05-2017,72845.88688
02-05-2017,72148.73718
03-05-2017,72463.5783
04-05-2017,71295.26791
05-05-2017,71391.52895
06-05-2017,68845.41595
07-05-2017,70227.20497
08-05-2017,69913.01707
09-05-2017,72356.04626
10-05-2017,70885.11726
11-05-2017,72029.29967
12-05-2017,71430.89779
13-05-2017,72462.17576
14-05-2017,71229.76415
15-05-2017,72564.51446
16-05-2017,71755.25847
17-05-2017,71760.14206
18-05-2017,72145.84393
19-05-2017,71853.15041
20-05-2017,72091.34895
21-05-2017,71448.19198
22-05-2017,72092.10074
23-05-2017,71111.85345
24-05-2017,71758.98116
25-05-2017,71466.21614
26-05-2017,72070.48624
27-05-2017,71844.62025
28-05-2017,70847.73663
29-05-2017,72515.125
30-05-2017,71994.90608
31-05-2017,72349.83391
01-06-2017,72070.58824
02-06-2017,71099.23012
03-06-2017,71449.01408
04-06-2017,72381.73893
05-06-2017,72676.12176
06-06-2017,71547.3487
07-06-2017,70858.62698
08-06-2017,71108.93745
09-06-2017,74368.22049
10-06-2017,71565.5377
11-06-2017,70370.63492
12-06-2017,71808.06548
13-06-2017,71810.46577
14-06-2017,71760.64328
15-06-2017,71677.60137
16-06-2017,72631.60526
17-06-2017,72590.31812
18-06-2017,71294.00204
19-06-2017,72974.32762
20-06-2017,72078.34355
21-06-2017,71392.49845
22-06-2017,71502.45163
23-06-2017,71824.75176
24-06-2017,71656.05373
25-06-2017,70351.98782
26-06-2017,72142.34796
27-06-2017,71838.37193
28-06-2017,71880.62734
29-06-2017,72296.91872
30-06-2017,72383.83329
01-07-2017,72383.83329
02-07-2017,72383.83329
03-07-2017,70878.15126
04-07-2017,70740
05-07-2017,71183.90775
06-07-2017,70554.70629
07-07-2017,70498.74806
08-07-2017,70501.54579
09-07-2017,70325.89869
10-07-2017,70692.40669
11-07-2017,70475.30826
12-07-2017,70064.03992
13-07-2017,70239.64754
14-07-2017,70039.11439
15-07-2017,69758.89088
16-07-2017,71566.30558
17-07-2017,70331.51087
18-07-2017,70845.0187
19-07-2017,70829.37765
20-07-2017,71684.37489
21-07-2017,71593.52459
22-07-2017,70514.23488
23-07-2017,70022.2449
24-07-2017,70795.99579
25-07-2017,70989.68651
26-07-2017,70080.66622
27-07-2017,70252.33065
28-07-2017,70261.71961
29-07-2017,70057.28953
30-07-2017,69756.61157
31-07-2017,70238.99986
01-08-2017,70307.36156
02-08-2017,70849.11209
03-08-2017,70479.59477
04-08-2017,71032.31939
05-08-2017,71602.07424
06-08-2017,70370.37037
07-08-2017,69780
08-08-2017,70481.97674
09-08-2017,71397.95918
10-08-2017,69648.30375
11-08-2017,70288.25008
12-08-2017,69968.37998
13-08-2017,69521.7649
14-08-2017,69816.6204
15-08-2017,69448.37716
16-08-2017,70742.99954
17-08-2017,70221.65553
18-08-2017,70399.9139
19-08-2017,70649.21074
20-08-2017,69780
21-08-2017,70904.35501
22-08-2017,70550.059
23-08-2017,70836.33441
24-08-2017,70811.08386
25-08-2017,70728.69875
26-08-2017,70778.30119
27-08-2017,70138.51798
28-08-2017,71516.58537
29-08-2017,70939.10841
30-08-2017,70768.14242
31-08-2017,71197.16934
01-09-2017,71056.75676
02-09-2017,71056.75676
03-09-2017,71348.48485
04-09-2017,70743.30458
05-09-2017,70920.02819
06-09-2017,70732.52215
07-09-2017,71181.53257
08-09-2017,70789.70957
09-09-2017,70605.83899
10-09-2017,70261.50159
11-09-2017,72071.26941
12-09-2017,71847.30603
13-09-2017,72437.31296
14-09-2017,72530.81234
15-09-2017,72543.91976
16-09-2017,71963.22328
17-09-2017,71797.6525
18-09-2017,72113.19852
19-09-2017,72545.13675
20-09-2017,73552.24714
21-09-2017,72438.71017
22-09-2017,73424.16517
23-09-2017,74797.30382
24-09-2017,71866.16601
25-09-2017,72170.17341
26-09-2017,73245.38411
27-09-2017,71912.16021
28-09-2017,72332.75284
29-09-2017,72597.94924
30-09-2017,72320.29398
01-10-2017,72320.29398
02-10-2017,72320.29398
03-10-2017,74107.85581
04-10-2017,73639.3793
05-10-2017,73860.09259
06-10-2017,74151.59173
07-10-2017,73726.0356
08-10-2017,74169.04179
09-10-2017,74313.17681
10-10-2017,73688.05113
11-10-2017,74056.70103
12-10-2017,73553.15719
13-10-2017,74363.58696
14-10-2017,73714.55292
15-10-2017,73099.03975
16-10-2017,74246.80532
17-10-2017,73661.8858
18-10-2017,71461.24444
19-10-2017,71461.24444
20-10-2017,71461.24444
21-10-2017,70900
22-10-2017,71215.90909
23-10-2017,72008.66667
24-10-2017,72092.22222
25-10-2017,70225.58592
26-10-2017,71078.08025
27-10-2017,71012.69147
28-10-2017,70848.66469
29-10-2017,70430.69497
30-10-2017,71088.43686
31-10-2017,71038.71606
01-11-2017,70472.76012
02-11-2017,70616.18793
03-11-2017,70449.3138
04-11-2017,70553.74304
05-11-2017,70560.44657
06-11-2017,70727.82817
07-11-2017,70932.07289
08-11-2017,70784.01678
09-11-2017,70692.51091
10-11-2017,71046.21261
11-11-2017,70037.82434
12-11-2017,69670.97517
13-11-2017,70569.14944
14-11-2017,70946.71897
15-11-2017,67608.65369
16-11-2017,67860.77558
17-11-2017,68008.66482
18-11-2017,67778.51452
19-11-2017,74828.56528
20-11-2017,67599.00515
21-11-2017,67665.84935
22-11-2017,67518.3089
23-11-2017,67451.07093
24-11-2017,67609.31469
25-11-2017,67154.87012
26-11-2017,67118.39303
27-11-2017,67437.23421
28-11-2017,67335.35978
29-11-2017,67113.01561
30-11-2017,67378.76541
01-12-2017,67725.17592
02-12-2017,67535.17612
03-12-2017,67230.46292
04-12-2017,67952.64182
05-12-2017,67522.32143
06-12-2017,67906.52104
07-12-2017,67762.06998
08-12-2017,68128.02266
09-12-2017,67468.22674
10-12-2017,67367.41083
11-12-2017,68459.1806
12-12-2017,69087.05114
13-12-2017,68813.19967
14-12-2017,69336.0564
15-12-2017,69093.26027
16-12-2017,69052.97309
17-12-2017,68593.45794
18-12-2017,68905.45455
19-12-2017,69116.8565
20-12-2017,69543.26983
21-12-2017,69771.74027
22-12-2017,70126.41965
23-12-2017,69912.25115
24-12-2017,69728.64322
25-12-2017,69912.89912
26-12-2017,71088.86397
27-12-2017,71229.89354
28-12-2017,71065.33726
29-12-2017,71011.63571
30-12-2017,70794.6184
31-12-2017,71943.37045
01-01-2018,71943.37045
02-01-2018,72820.96774
03-01-2018,72740.57559
04-01-2018,72558.33333
05-01-2018,72998.14189
06-01-2018,71810.40446
07-01-2018,71398.13472
08-01-2018,72230.62503
09-01-2018,71856.39921
10-01-2018,71750.44483
11-01-2018,71982.39919
12-01-2018,72969.27846
13-01-2018,72144.12139
14-01-2018,71080
15-01-2018,73560.39167
16-01-2018,72444.5536
17-01-2018,73188.55422
18-01-2018,73048.96711
19-01-2018,72332.48408
20-01-2018,73184.08045
21-01-2018,73757.57576
22-01-2018,72464.47368
23-01-2018,74083.03167
24-01-2018,72951.53333
25-01-2018,72772.00165
26-01-2018,73419.94581
27-01-2018,72720.93836
28-01-2018,73001.49254
29-01-2018,73697.14404
30-01-2018,74016.55626
31-01-2018,74347.1844
01-02-2018,73974.96417
02-02-2018,74482.92309
03-02-2018,73996.28713
04-02-2018,73654.96884
05-02-2018,75201.6865
06-02-2018,75410.21046
07-02-2018,75060.14283
08-02-2018,74082.69461
09-02-2018,75011.69702
10-02-2018,74324.46118
11-02-2018,75806.05344
12-02-2018,75274.86874
13-02-2018,74825.99578
14-02-2018,75091.61273
15-02-2018,75288.41656
16-02-2018,75644.96827
17-02-2018,75233.36153
18-02-2018,75430
19-02-2018,75149.67213
20-02-2018,76963.84419
21-02-2018,76423.56697
22-02-2018,78143.37209
23-02-2018,76745.33453
24-02-2018,77347.02806
25-02-2018,75752.67833
26-02-2018,75895.92398
27-02-2018,75579.76852
28-02-2018,76972.2919
01-03-2018,76568.18182
02-03-2018,76568.18182
03-03-2018,75656.25
04-03-2018,75022.72727
05-03-2018,77654.82315
06-03-2018,76640.61409
07-03-2018,74914.83083
08-03-2018,74607.72849
09-03-2018,74601.02757
10-03-2018,73988.23768
11-03-2018,73712.23132
12-03-2018,74085.04593
13-03-2018,75418.24729
14-03-2018,75332.98711
15-03-2018,73353.50016
16-03-2018,73246.30678
17-03-2018,73026.42695
18-03-2018,73553.24019
19-03-2018,73501.71429
20-03-2018,74507.07822
21-03-2018,73613.60699
22-03-2018,73197.03672
23-03-2018,73383.22972
24-03-2018,72304.13975
25-03-2018,72749.70819
26-03-2018,72303.58358
27-03-2018,73263.48381
28-03-2018,73172.82732
29-03-2018,73196.89915
30-03-2018,74371.53558
31-03-2018,72222.55587
01-04-2018,76650
02-04-2018,77250
03-04-2018,75934.16667
04-04-2018,75163.3829
05-04-2018,75746.32457
06-04-2018,75770.42257
07-04-2018,75105.81008
08-04-2018,75272.17574
09-04-2018,75044.87248
10-04-2018,75456.53234
11-04-2018,75402.67176
12-04-2018,76422.53534
13-04-2018,75810.42205
14-04-2018,75556.00193
15-04-2018,75241.01822
16-04-2018,75066.40038
17-04-2018,75913.3139
18-04-2018,75330.47353
19-04-2018,75378.51864
20-04-2018,76037.26916
21-04-2018,74844.88276
22-04-2018,74467.72773
23-04-2018,74338.27338
24-04-2018,74957.32885
25-04-2018,75418.86269
26-04-2018,75314.09068
27-04-2018,75498.42775
28-04-2018,76453.69087
29-04-2018,75772.65286
30-04-2018,75511.19207
01-05-2018,76461.906
02-05-2018,76294.05772
03-05-2018,75571.84343
04-05-2018,76670.86861
05-05-2018,76950.10199
06-05-2018,76646.78899
07-05-2018,77108.75217
08-05-2018,76645.90372
09-05-2018,76639.48154
10-05-2018,77576.20321
11-05-2018,76457.26644
12-05-2018,74246.38663
13-05-2018,76126.14679
14-05-2018,76679.10448
15-05-2018,77064.85076
16-05-2018,75716.88862
17-05-2018,77460.94416
18-05-2018,74816.71802
19-05-2018,74918.29721
20-05-2018,77330.51864
21-05-2018,78257.5809
22-05-2018,78076.52198
23-05-2018,78404.96551
24-05-2018,79910.27315
25-05-2018,79560.36947
26-05-2018,78350.5999
27-05-2018,76899.50249
28-05-2018,80214.94625
29-05-2018,80030.61626
30-05-2018,79669.60462
31-05-2018,80117.87012
01-06-2018,78334.13462
02-06-2018,79498.27467
03-06-2018,83250
04-06-2018,80368.36999
05-06-2018,79713.56214
06-06-2018,82359.55056
07-06-2018,80729.32343
08-06-2018,80079.54545
09-06-2018,78839.28571
10-06-2018,78000
11-06-2018,80456.07358
12-06-2018,80288.05222
13-06-2018,79553.02485
14-06-2018,80304.95229
15-06-2018,79619.698
16-06-2018,78839.27734
17-06-2018,77646.73511
18-06-2018,79393.89183
19-06-2018,78230.06816
20-06-2018,78949.77217
21-06-2018,79473.64774
22-06-2018,79450.99327
23-06-2018,78254.2735
24-06-2018,79016.5881
25-06-2018,80277.69302
26-06-2018,80272.62473
27-06-2018,78713.99514
28-06-2018,78473.48371
29-06-2018,78473.72093
30-06-2018,79015.74933
01-07-2018,80000
02-07-2018,79276.88447
03-07-2018,78413.6354
04-07-2018,78743.60142
05-07-2018,78295.98508
06-07-2018,77913.82557
07-07-2018,74565.77002
08-07-2018,77595.13756
09-07-2018,78583.6796
10-07-2018,78146.59781
11-07-2018,77541.02239
12-07-2018,78288.02724
13-07-2018,77407.98508
14-07-2018,78240.44384
15-07-2018,77208.85763
16-07-2018,77408.37082
17-07-2018,77858.51594
18-07-2018,77775.37081
19-07-2018,77470.65619
20-07-2018,77978.26087
21-07-2018,77956.89974
22-07-2018,77638.61206
23-07-2018,77795.97777
24-07-2018,77671.9481
25-07-2018,77956.49324
26-07-2018,78906.4654
27-07-2018,78605.628
28-07-2018,77746.97486
29-07-2018,77706.05737
30-07-2018,77626.11676
31-07-2018,77962.54443
01-08-2018,76561.69906
02-08-2018,78001.43807
03-08-2018,78793.69155
04-08-2018,77835.87258
05-08-2018,78137.47454
06-08-2018,78946
07-08-2018,77982.24299
08-08-2018,78026.7666
09-08-2018,77682.51708
10-08-2018,77892.93933
11-08-2018,78048.44961
12-08-2018,78109.02256
13-08-2018,77693.4339
14-08-2018,78946.61034
15-08-2018,77892.47312
16-08-2018,78946.71053
17-08-2018,78227.61775
18-08-2018,78232.21685
19-08-2018,77439.06433
20-08-2018,77959.45946
21-08-2018,78650.97413
22-08-2018,79139.75583
23-08-2018,77857.44594
24-08-2018,78363.76433
25-08-2018,77900.411
26-08-2018,78904.45682
27-08-2018,77895.65291
28-08-2018,77221.71696
29-08-2018,77630.95008
30-08-2018,77833.57189
31-08-2018,78479.12577
01-09-2018,79298.72864
02-09-2018,79643.623
03-09-2018,83838.17329
04-09-2018,78906.46005
05-09-2018,78544.3202
06-09-2018,78958.11972
07-09-2018,80035.54068
08-09-2018,79430.03115
09-09-2018,78858.20616
10-09-2018,78684.61538
11-09-2018,78742.20543
12-09-2018,78611.06415
13-09-2018,79554.77674
14-09-2018,78916.49696
15-09-2018,79303.09581
16-09-2018,79082.41533
17-09-2018,78763.4583
18-09-2018,78964.3124
19-09-2018,78908.42216
20-09-2018,77309.01192
21-09-2018,78834.81945
22-09-2018,78818.5736
23-09-2018,79114.13218
24-09-2018,78718.8051
25-09-2018,79053.45034
26-09-2018,78548.99216
27-09-2018,78714.43352
28-09-2018,79134.26024
29-09-2018,78184.42636
30-09-2018,78132.09077
01-10-2018,77106.32502
02-10-2018,76532.63962
03-10-2018,76652.42477
04-10-2018,76612.03214
05-10-2018,76839.84268
06-10-2018,76657.86922
07-10-2018,75613.37899
08-10-2018,77413.3323
09-10-2018,77174.39219
10-10-2018,77558.92419
11-10-2018,77408.71923
12-10-2018,77687.4928
13-10-2018,77861.41079
14-10-2018,77606.59137
15-10-2018,78135.19357
16-10-2018,77927.65243
17-10-2018,77640.52512
18-10-2018,78068.49933
19-10-2018,78374.51294
20-10-2018,77441.31388
21-10-2018,76607.21187
22-10-2018,78385.87335
23-10-2018,78152.06297
24-10-2018,78455.41752
25-10-2018,78399.89449
26-10-2018,78725.6909
27-10-2018,78523.4956
28-10-2018,78529.66596
29-10-2018,78462.25243
30-10-2018,78402.67356
31-10-2018,78979.26187
01-11-2018,77771.58222
02-11-2018,77145.95264
03-11-2018,85522.99583
04-11-2018,77179.47343
05-11-2018,77706.90611
06-11-2018,77998.2671
07-11-2018,76800
08-11-2018,77742.31868
09-11-2018,77740.81423
10-11-2018,78756.9966
11-11-2018,77956.64106
12-11-2018,77518.4393
13-11-2018,77843.20397
14-11-2018,78642.13743
15-11-2018,78164.08038
16-11-2018,78404.99338
17-11-2018,77463.07715
18-11-2018,77828.37288
19-11-2018,77277.98419
20-11-2018,79182.59261
21-11-2018,77973.86204
22-11-2018,78344.28841
23-11-2018,77978.43272
24-11-2018,78373.29128
25-11-2018,78353.64721
26-11-2018,78154.52576
27-11-2018,78202.74841
28-11-2018,79326.98413
29-11-2018,77376.17049
30-11-2018,76721.39189
01-12-2018,74900.44901
02-12-2018,74942.81342
03-12-2018,75452.70327
04-12-2018,74798.51064
05-12-2018,74829.29974
06-12-2018,74765.57618
07-12-2018,74869.64874
08-12-2018,74528.9742
09-12-2018,74504.63165
10-12-2018,74901.31043
11-12-2018,75477.30886
12-12-2018,74976.91973
13-12-2018,74614.18483
14-12-2018,75050.50501
15-12-2018,74858.87507
16-12-2018,74507.25755
17-12-2018,74947.33288
18-12-2018,74542.09617
19-12-2018,75139.26334
20-12-2018,75771.73196
21-12-2018,75704.61138
22-12-2018,74579.47858
23-12-2018,75809.40022
24-12-2018,76283.16922
25-12-2018,81019.11754
26-12-2018,77365.66513
27-12-2018,76041.85897
28-12-2018,76015.3197
29-12-2018,76362
30-12-2018,75843.96325
31-12-2018,75986.6362
01-01-2019,77300
02-01-2019,77478.39445
03-01-2019,76930.82421
04-01-2019,77166.14874
05-01-2019,77014.58874
06-01-2019,77190.18061
07-01-2019,76626.56037
08-01-2019,76655.08098
09-01-2019,76394.49191
10-01-2019,76706.2162
11-01-2019,76132.87394
12-01-2019,76358.16373
13-01-2019,76340.92009
14-01-2019,76377.52521
15-01-2019,76413.71306
16-01-2019,76236.07202
17-01-2019,76553.59726
18-01-2019,76455.76458
19-01-2019,76500.59032
20-01-2019,76292.32494
21-01-2019,76542.42424
22-01-2019,76492.47915
23-01-2019,75935.96571
24-01-2019,76648.1111
25-01-2019,76254.44024
26-01-2019,76427.25414
27-01-2019,76461.23775
28-01-2019,76786.99989
29-01-2019,76270.08586
30-01-2019,76418.94094
31-01-2019,76779.69843
01-02-2019,76822.53304
02-02-2019,78175.20015
03-02-2019,78124.90921
04-02-2019,78407.91851
05-02-2019,77998.94371
06-02-2019,78048.01502
07-02-2019,77738.63892
08-02-2019,77693.15348
09-02-2019,78195.23831
10-02-2019,77364.4422
11-02-2019,78124.82998
12-02-2019,77229.9557
13-02-2019,77628.71245
14-02-2019,77664.6888
15-02-2019,77663.93063
16-02-2019,76772.07964
17-02-2019,77640.52324
18-02-2019,77821.40106
19-02-2019,77580.30688
20-02-2019,78091.10824
21-02-2019,78373.13715
22-02-2019,77123.78034
23-02-2019,76579.11339
24-02-2019,76094.73684
25-02-2019,77201.53094
26-02-2019,77021.90773
27-02-2019,77063.8512
28-02-2019,75891.54354
01-03-2019,78744.01425
02-03-2019,78704.25644
03-03-2019,77580
04-03-2019,75638.80632
05-03-2019,76588.14801
06-03-2019,76945.07189
07-03-2019,75595.93582
08-03-2019,75555.7204
09-03-2019,75250.959
10-03-2019,75567.24395
11-03-2019,75573.71498
12-03-2019,76258.31222
13-03-2019,76215.48894
14-03-2019,75762.54803
15-03-2019,74576.02788
16-03-2019,73945.12812
17-03-2019,73956.07109
18-03-2019,73606.66181
19-03-2019,73678.08219
20-03-2019,71336.94268
21-03-2019,72300
22-03-2019,70867.92213
23-03-2019,70564.32804
24-03-2019,70572.38622
25-03-2019,70357.30025
26-03-2019,70361.8934
27-03-2019,70220.37453
28-03-2019,70218.10345
29-03-2019,70121.74954
30-03-2019,70404.64943
31-03-2019,70077.08265
01-04-2019,70549.33312
02-04-2019,70800.01812
03-04-2019,71211.20375
04-04-2019,70486.7099
05-04-2019,70732.32363
06-04-2019,70696.29948
07-04-2019,70222.82541
08-04-2019,70344.24259
09-04-2019,70230.05142
10-04-2019,70258.16389
11-04-2019,70348.76805
12-04-2019,70392.00555
13-04-2019,70956.19987
14-04-2019,70560.64469
15-04-2019,70896.10806
16-04-2019,70576.57408
17-04-2019,70650.43347
18-04-2019,69830.0966
19-04-2019,69091.48383
20-04-2019,69174.56086
21-04-2019,69112.62256
22-04-2019,68931.62248
23-04-2019,69243.47593
24-04-2019,68926.7814
25-04-2019,68775.22944
26-04-2019,68660.72183
27-04-2019,70792.34825
28-04-2019,70611.66904
29-04-2019,69106.01579
30-04-2019,69125.13671
01-05-2019,70386.92892
02-05-2019,70453.14917
03-05-2019,70811.21506
04-05-2019,70801.71366
05-05-2019,70570.6913
06-05-2019,70692.15524
07-05-2019,71145.15426
08-05-2019,71162.12419
09-05-2019,71982.40956
10-05-2019,71831.0147
11-05-2019,72130.37694
12-05-2019,70598.3048
13-05-2019,72208.71335
14-05-2019,72488.82989
15-05-2019,72137.32683
16-05-2019,72401.82282
17-05-2019,72825.80361
18-05-2019,73026.30781
19-05-2019,72404.23076
20-05-2019,72929.58685
21-05-2019,72556.94364
22-05-2019,72928.53835
23-05-2019,73619.10212
24-05-2019,72861.23034
25-05-2019,72236.79058
26-05-2019,72281.67305
27-05-2019,72488.14768
28-05-2019,72849.63711
29-05-2019,72594.25031
30-05-2019,72474.17251
31-05-2019,72689.77598
01-06-2019,72858.57436
02-06-2019,71850.06007
03-06-2019,72708.61226
04-06-2019,73056.13291
05-06-2019,72342.86251
06-06-2019,72546.18432
07-06-2019,72668.11226
08-06-2019,72416.13744
09-06-2019,72023.88835
10-06-2019,72342.01657
11-06-2019,72736.86566
12-06-2019,72929.62744
13-06-2019,72679.41891
14-06-2019,72821.2853
15-06-2019,73313.0706
16-06-2019,72999.94736
17-06-2019,70287.76742
18-06-2019,73280.80099
19-06-2019,73607.52522
20-06-2019,73394.02122
21-06-2019,73428.86881
22-06-2019,73192.77088
23-06-2019,72997.86229
24-06-2019,73154.88868
25-06-2019,73084.62657
26-06-2019,72987.2925
27-06-2019,72973.06996
28-06-2019,72935.84554
29-06-2019,73242.18978
30-06-2019,73108.60936
01-07-2019,73357.58302
02-07-2019,72998.76475
03-07-2019,72740.92777
04-07-2019,73271.44096
05-07-2019,73120.73426
06-07-2019,73489.96106
07-07-2019,73195.03048
08-07-2019,74436.45667
09-07-2019,75127.48032
10-07-2019,74728.51148
11-07-2019,74644.93827
12-07-2019,74015.01083
13-07-2019,74287.1154
14-07-2019,74694.093
15-07-2019,74815.50118
16-07-2019,74275.10917
17-07-2019,74781.09409
18-07-2019,74618.60465
19-07-2019,74807.20646
20-07-2019,73114.44142
21-07-2019,74283.76384
22-07-2019,74403.51941
23-07-2019,74561.88968
24-07-2019,74542.74255
25-07-2019,74542.79363
26-07-2019,74618.07019
27-07-2019,74481.73516
28-07-2019,74269.23077
29-07-2019,74398.09069
30-07-2019,74786.79775
31-07-2019,74832.33873
01-08-2019,75338.61386
02-08-2019,73455.88652
03-08-2019,73369.28571
04-08-2019,73124.11765
05-08-2019,73729.51946
06-08-2019,73920.39993
07-08-2019,73999.48539
08-08-2019,74775.80248
09-08-2019,74965.4636
10-08-2019,74912.04943
11-08-2019,74879.57749
12-08-2019,74923.73253
13-08-2019,75425.29375
14-08-2019,75289.08555
15-08-2019,75800
16-08-2019,76871.10981
17-08-2019,76657.39597
18-08-2019,76631.23943
19-08-2019,76671.45524
20-08-2019,76424.26714
21-08-2019,76555.11853
22-08-2019,76555.65763
23-08-2019,76155.05021
24-08-2019,76114.13885
25-08-2019,75889.56108
26-08-2019,76301.39971
27-08-2019,76582.65586
28-08-2019,76647.21926
29-08-2019,76560.41506
30-08-2019,78083.33333
31-08-2019,78440.73077
01-09-2019,78563.15789
02-09-2019,77684.26245
03-09-2019,78048.20657
04-09-2019,77073.2464
05-09-2019,77909.61856
06-09-2019,77738.58118
07-09-2019,78356.49516
08-09-2019,77332.52594
09-09-2019,77809.69521
10-09-2019,77278.43288
11-09-2019,78073.39255
12-09-2019,77404.17054
13-09-2019,77576.18295
14-09-2019,77794.32203
15-09-2019,77316.0819
16-09-2019,77201.11889
17-09-2019,77527.64588
18-09-2019,77778.29499
19-09-2019,78055.8888
20-09-2019,77943.64775
21-09-2019,78003.09056
22-09-2019,78107.43894
23-09-2019,77965.07036
24-09-2019,77985.84498
25-09-2019,78070.25508
26-09-2019,77911.10489
27-09-2019,77888.13677
28-09-2019,77990.96313
29-09-2019,77989.59188
30-09-2019,78334.02626
01-10-2019,78189.7124
02-10-2019,77006.10873
03-10-2019,77686.02655
04-10-2019,77756.78832
05-10-2019,77651.22884
06-10-2019,77904.01619
07-10-2019,77727.98519
08-10-2019,78300
09-10-2019,77542.8765
10-10-2019,75246.80143
11-10-2019,75282.29754
12-10-2019,75095.99201
13-10-2019,74880.88483
14-10-2019,75418.40033
15-10-2019,75544.16494
16-10-2019,75075.85378
17-10-2019,75257.65162
18-10-2019,74930.71793
19-10-2019,74867.33088
20-10-2019,74852.67228
21-10-2019,74784.11427
22-10-2019,74704.37746
23-10-2019,75101.98968
24-10-2019,74356.39227
25-10-2019,74782.22109
26-10-2019,74407.82213
27-10-2019,73800
28-10-2019,74344.12515
29-10-2019,74427.5207
30-10-2019,74552.3511
31-10-2019,75080.44687
01-11-2019,76255.55556
02-11-2019,76302.15054
03-11-2019,75383.2293
04-11-2019,75615.38308
05-11-2019,74774.43653
06-11-2019,74333.91583
07-11-2019,74611.22509
08-11-2019,72490.79365
09-11-2019,73059.68818
10-11-2019,72121.9641
11-11-2019,72687.03284
12-11-2019,72911.8505
13-11-2019,72875.80257
14-11-2019,72727.25857
15-11-2019,72938.28322
16-11-2019,72799.25262
17-11-2019,72258.11153
18-11-2019,72783.49604
19-11-2019,72623.67259
20-11-2019,72972.46695
21-11-2019,72641.42074
22-11-2019,72714.45093
23-11-2019,72575.79959
24-11-2019,72608.49929
25-11-2019,72671.56104
26-11-2019,72968.69565
27-11-2019,72412.61838
28-11-2019,72343.88139
29-11-2019,72844.27334
30-11-2019,72882.76624
01-12-2019,70800
02-12-2019,71174.62006
03-12-2019,71464.45458
04-12-2019,71366.52209
05-12-2019,72198.31969
06-12-2019,71358.42665
07-12-2019,71371.24567
08-12-2019,71142.32846
09-12-2019,71148.91425
10-12-2019,71548.95136
11-12-2019,72022.31751
12-12-2019,71092.25352
13-12-2019,71725.89928
14-12-2019,71156.62651
15-12-2019,71294.59459
16-12-2019,71370.6753
17-12-2019,71011.33568
18-12-2019,71062.46553
19-12-2019,71167.84586
20-12-2019,71025.51152
21-12-2019,71045.98333
22-12-2019,71173.41475
23-12-2019,71319.11362
24-12-2019,71217.98232
25-12-2019,71241.06472
26-12-2019,71323.38828
27-12-2019,71374.1093
28-12-2019,71550.78364
29-12-2019,71239.44023
30-12-2019,71280.14311
31-12-2019,71366.97577
01-01-2020,71366.97577
02-01-2020,71416.66667
03-01-2020,73122.81845
04-01-2020,72618.70229
05-01-2020,73300
06-01-2020,73101.55887
07-01-2020,73207.15306
08-01-2020,73571.50146
09-01-2020,73696.9821
10-01-2020,74617.8624
11-01-2020,74256.21877
12-01-2020,74385.94496
13-01-2020,74802.38707
14-01-2020,75242.67341
15-01-2020,74371.98824
16-01-2020,74561.51468
17-01-2020,74650.41578
18-01-2020,75086.26998
19-01-2020,73838.43529
20-01-2020,74209.77062
21-01-2020,74206.30004
22-01-2020,74509.39346
23-01-2020,74496.74946
24-01-2020,74290.06108
25-01-2020,74328.69622
26-01-2020,74455.4454
27-01-2020,74162.63465
28-01-2020,74413.7931
29-01-2020,74362.77696
30-01-2020,74338.17569
31-01-2020,74678.05541
01-02-2020,74629.07819
02-02-2020,74995.05994
03-02-2020,75073.1632
04-02-2020,75916.41807
05-02-2020,74954.30532
06-02-2020,75365.05426
07-02-2020,75527.23404
08-02-2020,75908.74302
09-02-2020,75580
10-02-2020,75974.50379
11-02-2020,76169.69135
12-02-2020,75696.63958
13-02-2020,75548.0329
14-02-2020,75427.0986
15-02-2020,75027.20768
16-02-2020,75888.36875
17-02-2020,75275.53165
18-02-2020,75104.83917
19-02-2020,75402.8978
20-02-2020,75123.17973
21-02-2020,75297.86625
22-02-2020,75262.27578
23-02-2020,75035.30091
24-02-2020,75843.07818
25-02-2020,75245.44929
26-02-2020,75448.55732
27-02-2020,75428.76769
28-02-2020,75411.79012
29-02-2020,75264.82144
01-03-2020,75957.49193
02-03-2020,75581.46385
03-03-2020,75864.37916
04-03-2020,76370.65751
05-03-2020,75334.04836
06-03-2020,75401.31242
07-03-2020,75496.21373
08-03-2020,75604.95484
09-03-2020,75555.34977
10-03-2020,76300
11-03-2020,76362.95247
12-03-2020,75810.71538
13-03-2020,75265.73497
14-03-2020,75802.99533
15-03-2020,75608.0531
16-03-2020,76483.16775
17-03-2020,75239.66039
18-03-2020,75162.0211
19-03-2020,74163.87114
20-03-2020,70235.63785
21-03-2020,74063.97946
22-03-2020,74300
23-03-2020,74300
24-03-2020,74300
25-03-2020,74300
26-03-2020,74300
27-03-2020,74300
28-03-2020,74300
29-03-2020,74300
30-03-2020,74300
31-03-2020,74300
01-04-2020,74300
02-04-2020,74300
03-04-2020,74300
04-04-2020,74300
05-04-2020,74300
06-04-2020,74300
07-04-2020,74300
08-04-2020,74300
09-04-2020,74300
10-04-2020,74300
11-04-2020,74300
12-04-2020,74300
13-04-2020,74300
14-04-2020,70000
15-04-2020,70000
16-04-2020,70000
17-04-2020,70000
18-04-2020,67000
19-04-2020,66599.0099
20-04-2020,66500
21-04-2020,67039.28571
22-04-2020,67039.28571
23-04-2020,67039.28571
24-04-2020,66300
25-04-2020,66250
26-04-2020,66159.57447
27-04-2020,68200
28-04-2020,66504.62963
29-04-2020,66500
30-04-2020,66250
01-05-2020,63500
02-05-2020,63500
03-05-2020,63500
04-05-2020,63697.53086
05-05-2020,63648.55072
06-05-2020,62945.57823
07-05-2020,62710.74766
08-05-2020,63037.82568
09-05-2020,63049.76077
10-05-2020,63000
11-05-2020,63013.54839
12-05-2020,62908.19209
13-05-2020,63372.52778
14-05-2020,63231.2253
15-05-2020,63136.62239
16-05-2020,63794.10924
17-05-2020,63913.39785
18-05-2020,64486.03391
19-05-2020,66027.40826
20-05-2020,66076.79505
21-05-2020,65957.20066
22-05-2020,67098.85371
23-05-2020,66949.60769
24-05-2020,67565.16016
25-05-2020,67838.89506
26-05-2020,67794.7028
27-05-2020,67941.10094
28-05-2020,69859.85579
29-05-2020,70418.30986
30-05-2020,68591.98617
31-05-2020,69783.16032
01-06-2020,70905.10949
02-06-2020,70715.23179
03-06-2020,67000.55204
04-06-2020,70651.97745
05-06-2020,70507.45504
06-06-2020,70769.73955
07-06-2020,70358.69379
08-06-2020,73084.45445
09-06-2020,72058.19273
10-06-2020,72807.83964
11-06-2020,74958.39472
12-06-2020,74304.53857
13-06-2020,75777.57009
14-06-2020,74622.7289
15-06-2020,74808.58473
16-06-2020,74664.83483
17-06-2020,75327.13584
18-06-2020,74236.11845
19-06-2020,74234.12446
20-06-2020,74863.36336
21-06-2020,74015.19395
22-06-2020,72794.68144
23-06-2020,73323.07176
24-06-2020,73484.20065
25-06-2020,73773.38077
26-06-2020,74602.01154
27-06-2020,73954.12707
28-06-2020,75040.78876
29-06-2020,73314.59279
30-06-2020,74443.68273
01-07-2020,74379.4723
02-07-2020,73994.64552
03-07-2020,73823.65568
04-07-2020,73788.27932
05-07-2020,71291.48148
06-07-2020,73939.96224
07-07-2020,73906.64119
08-07-2020,73933.6252
09-07-2020,73845.18028
10-07-2020,74028.61389
11-07-2020,73999.3358
12-07-2020,74015.0147
13-07-2020,73905.072
14-07-2020,74190.90189
15-07-2020,74608.74975
16-07-2020,74628.60852
17-07-2020,75152.48051
18-07-2020,75477.01601
19-07-2020,75399.91295
20-07-2020,75554.82427
21-07-2020,76121.72602
22-07-2020,76367.7073
23-07-2020,76546.93395
24-07-2020,76811.60746
25-07-2020,77100.28998
26-07-2020,76803.58283
27-07-2020,77442.90803
28-07-2020,77583.85526
29-07-2020,76283.69997
30-07-2020,77902.26065
31-07-2020,78428.97407
01-08-2020,77965.6607
02-08-2020,78009.7518
03-08-2020,77955.00121
04-08-2020,78135.95078
05-08-2020,78124.83486
06-08-2020,78395.44297
07-08-2020,78804.61407
08-08-2020,79081.47131
09-08-2020,78872.80271
10-08-2020,79317.12916
11-08-2020,79204.89306
12-08-2020,79146.54098
13-08-2020,80457.20269
14-08-2020,81882.711
15-08-2020,76400.28297
16-08-2020,81534.01558
17-08-2020,82929.01757
18-08-2020,84129.42426
19-08-2020,83587.53453
20-08-2020,82167.94764
21-08-2020,84980.50811
22-08-2020,84814.02844
23-08-2020,85444.66667
24-08-2020,84758.29053
25-08-2020,85288.36995
26-08-2020,85381.80629
27-08-2020,85676.5981
28-08-2020,85446.6933
29-08-2020,86526.96078
30-08-2020,85431.63451
31-08-2020,86881.54049
01-09-2020,87048.26631
02-09-2020,87646.75356
03-09-2020,88098.59396
04-09-2020,88427.97881
05-09-2020,88193.5674
06-09-2020,88531.39957
07-09-2020,91774.19279
08-09-2020,92756.63904
09-09-2020,92386.99366
10-09-2020,91426.98497
11-09-2020,95129.67388
12-09-2020,95985.81471
13-09-2020,95300.99151
14-09-2020,93162.95852
15-09-2020,92097.09218
16-09-2020,92948.54028
17-09-2020,96193.24541
18-09-2020,96784.88372
19-09-2020,95466.26167
20-09-2020,96000
21-09-2020,88080
22-09-2020,91921.83478
23-09-2020,92924.65514
24-09-2020,92262.4821
25-09-2020,92049.76309
26-09-2020,92068.34752
27-09-2020,92063.00756
28-09-2020,92612.6481
29-09-2020,92288.20397
30-09-2020,93041.19381
01-10-2020,93000
02-10-2020,93107.86241
03-10-2020,93135.68773
04-10-2020,93042.8347
05-10-2020,93347.02224
06-10-2020,93428.70408
07-10-2020,93445.64453
08-10-2020,94486.9281
09-10-2020,94217.23679
10-10-2020,93949.91742
11-10-2020,93506.66836
12-10-2020,94020.86381
13-10-2020,94034.9892
14-10-2020,94932.94962
15-10-2020,97088.17658
16-10-2020,96943.90485
17-10-2020,97696.18423
18-10-2020,97872.30554
19-10-2020,97748.04897
20-10-2020,97064.598
21-10-2020,97816.36729
22-10-2020,97810.97561
23-10-2020,99005.32418
24-10-2020,98885.26997
25-10-2020,98306.28089
26-10-2020,99385.24395
27-10-2020,99640.32296
28-10-2020,100942.3541
29-10-2020,100910.7032
30-10-2020,100434.963
31-10-2020,100679.1266
01-11-2020,98180
02-11-2020,103596.1235
03-11-2020,103875.1703
04-11-2020,104301.4815
05-11-2020,103229.7229
06-11-2020,103391.7066
07-11-2020,103290.6915
08-11-2020,102684.3447
09-11-2020,102989.2424
10-11-2020,103968.9725
11-11-2020,103512.9674
12-11-2020,103646.0213
13-11-2020,103713.7167
14-11-2020,102861.6128
15-11-2020,105847.8732
16-11-2020,104968.7772
17-11-2020,105943.1586
18-11-2020,107512.2314
19-11-2020,112585.5595
20-11-2020,112782.217
21-11-2020,112259.213
22-11-2020,111346.25
23-11-2020,114815.6365
24-11-2020,114648.9954
25-11-2020,113376.7304
26-11-2020,114671.6628
27-11-2020,114446.3227
28-11-2020,115431.6832
29-11-2020,109627.9578
30-11-2020,112313.4402
01-12-2020,121319.237
02-12-2020,120400.8505
03-12-2020,120062.9224
04-12-2020,122924.3514
05-12-2020,124837.6617
06-12-2020,123781.8084
07-12-2020,126181.3039
08-12-2020,121760.4832
09-12-2020,124724.9028
10-12-2020,125467.2567
11-12-2020,125115.9192
12-12-2020,127109.5866
13-12-2020,123927.8821
14-12-2020,126837.1198
15-12-2020,125299.1882
16-12-2020,124180.9633
17-12-2020,120532.3223
18-12-2020,129411.6811
19-12-2020,128658.992
20-12-2020,119916.6662
21-12-2020,123399.4556
22-12-2020,126351.2513
23-12-2020,115184.5422
24-12-2020,126292.1164
25-12-2020,123859.8591
26-12-2020,130078.4523
27-12-2020,121446.1473
28-12-2020,127446.3312
29-12-2020,126662.0938
30-12-2020,126729.2586
31-12-2020,128170.9389
01-01-2021,131000
02-01-2021,119857.0186
03-01-2021,118573.9267
04-01-2021,119819.9914
05-01-2021,126018.4382
06-01-2021,126999.4833
07-01-2021,126774.8187
08-01-2021,126220.0771
09-01-2021,125484.2742
10-01-2021,125060.7162
11-01-2021,125970.5895
12-01-2021,127361.4568
13-01-2021,127514.2181
14-01-2021,126927.7934
15-01-2021,125600.7251
16-01-2021,124962.0601
17-01-2021,124186.1162
18-01-2021,125075.2544
19-01-2021,123801.6086
20-01-2021,123000
21-01-2021,122230.9325
22-01-2021,121055.7984
23-01-2021,121750.1604
24-01-2021,121954.8409
25-01-2021,122308.1782
26-01-2021,118912.0205
27-01-2021,122451.7082
28-01-2021,118029.0775
29-01-2021,118583.6777
30-01-2021,117646.6249
31-01-2021,119287.478
01-02-2021,118070.7071
02-02-2021,117615.9166
03-02-2021,117458.404
04-02-2021,117708.1373
05-02-2021,117808.3414
06-02-2021,117904.9068
07-02-2021,117555.0525
08-02-2021,117785.8993
09-02-2021,117841.8906
10-02-2021,117679.5121
11-02-2021,118096.7623
12-02-2021,119011.3644
13-02-2021,118749.2722
14-02-2021,119275.8881
15-02-2021,119405.3847
16-02-2021,120298.0048
17-02-2021,120796.902
18-02-2021,121095.7801
19-02-2021,122693.39
20-02-2021,123167.422
21-02-2021,122618.2562
22-02-2021,126136.3436
23-02-2021,126972.1922
24-02-2021,126722.008
25-02-2021,127578.6267
26-02-2021,128434.7821
27-02-2021,127757.3741
28-02-2021,124717.5977
01-03-2021,131935.5607
02-03-2021,131825.2501
03-03-2021,131143.1719
04-03-2021,131546.8531
05-03-2021,131448.5259
06-03-2021,131523.9708
07-03-2021,131417.1025
08-03-2021,131121.3905
09-03-2021,130928.3037
10-03-2021,131268.7232
11-03-2021,131171.1366
12-03-2021,130056.8073
13-03-2021,131074.3247
14-03-2021,130615.7364
15-03-2021,130976.6398
16-03-2021,133073.0019
17-03-2021,135976.342
18-03-2021,135888.71
19-03-2021,136008.2447
20-03-2021,136063.4058
21-03-2021,135955.4848
22-03-2021,136115.7025
23-03-2021,136047.1261
24-03-2021,135853.8004
25-03-2021,136214.698
26-03-2021,136223.6315
27-03-2021,135530.807
28-03-2021,135541.0802
29-03-2021,133774.6957
30-03-2021,135702.801
31-03-2021,136079.8744
